{
  "Version": 1,
  "ManifestType": "Publish",
  "Endpoints": [
    {
      "Route": "css/site.css",
      "AssetFile": "css/site.css",
      "Selectors": [],
      "ResponseHeaders": [
        {
          "Name": "Accept-Ranges",
          "Value": "bytes"
        },
        {
          "Name": "Cache-Control",
          "Value": "no-cache"
        },
        {
          "Name": "Content-Length",
          "Value": "1417"
        },
        {
          "Name": "Content-Type",
          "Value": "text/css"
        },
        {
          "Name": "ETag",
          "Value": "\"S2ihmzMFFc3FWmBWsR+NiddZWa8kbyaQYBx2FDkIoHs=\""
        },
        {
          "Name": "Last-Modified",
          "Value": "Fri, 06 Nov 2020 10:39:26 GMT"
        }
      ],
      "EndpointProperties": [
        {
          "Name": "integrity",
          "Value": "sha256-S2ihmzMFFc3FWmBWsR+NiddZWa8kbyaQYBx2FDkIoHs="
        }
      ]
    },
    {
      "Route": "css/site.hdhjllpya4.css",
      "AssetFile": "css/site.css",
      "Selectors": [],
      "ResponseHeaders": [
        {
          "Name": "Accept-Ranges",
          "Value": "bytes"
        },
        {
          "Name": "Cache-Control",
          "Value": "max-age=31536000, immutable"
        },
        {
          "Name": "Content-Length",
          "Value": "1417"
        },
        {
          "Name": "Content-Type",
          "Value": "text/css"
        },
        {
          "Name": "ETag",
          "Value": "\"S2ihmzMFFc3FWmBWsR+NiddZWa8kbyaQYBx2FDkIoHs=\""
        },
        {
          "Name": "Last-Modified",
          "Value": "Fri, 06 Nov 2020 10:39:26 GMT"
        }
      ],
      "EndpointProperties": [
        {
          "Name": "fingerprint",
          "Value": "hdhjllpya4"
        },
        {
          "Name": "integrity",
          "Value": "sha256-S2ihmzMFFc3FWmBWsR+NiddZWa8kbyaQYBx2FDkIoHs="
        },
        {
          "Name": "label",
          "Value": "css/site.css"
        }
      ]
    },
    {
      "Route": "favicon.90yqlj465b.ico",
      "AssetFile": "favicon.ico",
      "Selectors": [],
      "ResponseHeaders": [
        {
          "Name": "Accept-Ranges",
          "Value": "bytes"
        },
        {
          "Name": "Cache-Control",
          "Value": "max-age=31536000, immutable"
        },
        {
          "Name": "Content-Length",
          "Value": "32038"
        },
        {
          "Name": "Content-Type",
          "Value": "image/x-icon"
        },
        {
          "Name": "ETag",
          "Value": "\"qU+KhVPK6oQw3UyjzAHU4xjRmCj3TLZUU/+39dni9E0=\""
        },
        {
          "Name": "Last-Modified",
          "Value": "Fri, 06 Nov 2020 10:39:26 GMT"
        }
      ],
      "EndpointProperties": [
        {
          "Name": "fingerprint",
          "Value": "90yqlj465b"
        },
        {
          "Name": "integrity",
          "Value": "sha256-qU+KhVPK6oQw3UyjzAHU4xjRmCj3TLZUU/+39dni9E0="
        },
        {
          "Name": "label",
          "Value": "favicon.ico"
        }
      ]
    },
    {
      "Route": "favicon.ico",
      "AssetFile": "favicon.ico",
      "Selectors": [],
      "ResponseHeaders": [
        {
          "Name": "Accept-Ranges",
          "Value": "bytes"
        },
        {
          "Name": "Cache-Control",
          "Value": "max-age=3600, must-revalidate"
        },
        {
          "Name": "Content-Length",
          "Value": "32038"
        },
        {
          "Name": "Content-Type",
          "Value": "image/x-icon"
        },
        {
          "Name": "ETag",
          "Value": "\"qU+KhVPK6oQw3UyjzAHU4xjRmCj3TLZUU/+39dni9E0=\""
        },
        {
          "Name": "Last-Modified",
          "Value": "Fri, 06 Nov 2020 10:39:26 GMT"
        }
      ],
      "EndpointProperties": [
        {
          "Name": "integrity",
          "Value": "sha256-qU+KhVPK6oQw3UyjzAHU4xjRmCj3TLZUU/+39dni9E0="
        }
      ]
    },
    {
      "Route": "js/site.6b9nfc4n3r.js",
      "AssetFile": "js/site.js",
      "Selectors": [],
      "ResponseHeaders": [
        {
          "Name": "Accept-Ranges",
          "Value": "bytes"
        },
        {
          "Name": "Cache-Control",
          "Value": "max-age=31536000, immutable"
        },
        {
          "Name": "Content-Length",
          "Value": "230"
        },
        {
          "Name": "Content-Type",
          "Value": "text/javascript"
        },
        {
          "Name": "ETag",
          "Value": "\"4q1jwFhaPaZgr8WAUSrux6hAuh0XDg9kPS3xIVq36I0=\""
        },
        {
          "Name": "Last-Modified",
          "Value": "Fri, 06 Nov 2020 10:39:26 GMT"
        }
      ],
      "EndpointProperties": [
        {
          "Name": "fingerprint",
          "Value": "6b9nfc4n3r"
        },
        {
          "Name": "integrity",
          "Value": "sha256-4q1jwFhaPaZgr8WAUSrux6hAuh0XDg9kPS3xIVq36I0="
        },
        {
          "Name": "label",
          "Value": "js/site.js"
        }
      ]
    },
    {
      "Route": "js/site.js",
      "AssetFile": "js/site.js",
      "Selectors": [],
      "ResponseHeaders": [
        {
          "Name": "Accept-Ranges",
          "Value": "bytes"
        },
        {
          "Name": "Cache-Control",
          "Value": "no-cache"
        },
        {
          "Name": "Content-Length",
          "Value": "230"
        },
        {
          "Name": "Content-Type",
          "Value": "text/javascript"
        },
        {
          "Name": "ETag",
          "Value": "\"4q1jwFhaPaZgr8WAUSrux6hAuh0XDg9kPS3xIVq36I0=\""
        },
        {
          "Name": "Last-Modified",
          "Value": "Fri, 06 Nov 2020 10:39:26 GMT"
        }
      ],
      "EndpointProperties": [
        {
          "Name": "integrity",
          "Value": "sha256-4q1jwFhaPaZgr8WAUSrux6hAuh0XDg9kPS3xIVq36I0="
        }
      ]
    },
    {
      "Route": "lib/bootstrap/LICENSE",
      "AssetFile": "lib/bootstrap/LICENSE",
      "Selectors": [],
      "ResponseHeaders": [
        {
          "Name": "Accept-Ranges",
          "Value": "bytes"
        },
        {
          "Name": "Cache-Control",
          "Value": "no-cache"
        },
        {
          "Name": "Content-Length",
          "Value": "1153"
        },
        {
          "Name": "Content-Type",
          "Value": "application/octet-stream"
        },
        {
          "Name": "ETag",
          "Value": "\"iMA3h2QDzhvwmVtohviPpq8VwRv3UMY/PEE+ao7bBq0=\""
        },
        {
          "Name": "Last-Modified",
          "Value": "Fri, 06 Nov 2020 10:39:26 GMT"
        }
      ],
      "EndpointProperties": [
        {
          "Name": "integrity",
          "Value": "sha256-iMA3h2QDzhvwmVtohviPpq8VwRv3UMY/PEE+ao7bBq0="
        }
      ]
    },
    {
      "Route": "lib/bootstrap/LICENSE.weyt030wr8",
      "AssetFile": "lib/bootstrap/LICENSE",
      "Selectors": [],
      "ResponseHeaders": [
        {
          "Name": "Accept-Ranges",
          "Value": "bytes"
        },
        {
          "Name": "Cache-Control",
          "Value": "max-age=31536000, immutable"
        },
        {
          "Name": "Content-Length",
          "Value": "1153"
        },
        {
          "Name": "Content-Type",
          "Value": "application/octet-stream"
        },
        {
          "Name": "ETag",
          "Value": "\"iMA3h2QDzhvwmVtohviPpq8VwRv3UMY/PEE+ao7bBq0=\""
        },
        {
          "Name": "Last-Modified",
          "Value": "Fri, 06 Nov 2020 10:39:26 GMT"
        }
      ],
      "EndpointProperties": [
        {
          "Name": "fingerprint",
          "Value": "weyt030wr8"
        },
        {
          "Name": "integrity",
          "Value": "sha256-iMA3h2QDzhvwmVtohviPpq8VwRv3UMY/PEE+ao7bBq0="
        },
        {
          "Name": "label",
          "Value": "lib/bootstrap/LICENSE"
        }
      ]
    },
    {
      "Route": "lib/bootstrap/dist/css/bootstrap-grid.9n0ta5ieki.css",
      "AssetFile": "lib/bootstrap/dist/css/bootstrap-grid.css",
      "Selectors": [],
      "ResponseHeaders": [
        {
          "Name": "Accept-Ranges",
          "Value": "bytes"
        },
        {
          "Name": "Cache-Control",
          "Value": "max-age=31536000, immutable"
        },
        {
          "Name": "Content-Length",
          "Value": "68266"
        },
        {
          "Name": "Content-Type",
          "Value": "text/css"
        },
        {
          "Name": "ETag",
          "Value": "\"ezlzqfTqJZTjEDR18neKc2tUTZtWoz3oQ/ouWY9WmO8=\""
        },
        {
          "Name": "Last-Modified",
          "Value": "Fri, 06 Nov 2020 10:39:26 GMT"
        }
      ],
      "EndpointProperties": [
        {
          "Name": "fingerprint",
          "Value": "9n0ta5ieki"
        },
        {
          "Name": "integrity",
          "Value": "sha256-ezlzqfTqJZTjEDR18neKc2tUTZtWoz3oQ/ouWY9WmO8="
        },
        {
          "Name": "label",
          "Value": "lib/bootstrap/dist/css/bootstrap-grid.css"
        }
      ]
    },
    {
      "Route": "lib/bootstrap/dist/css/bootstrap-grid.css",
      "AssetFile": "lib/bootstrap/dist/css/bootstrap-grid.css",
      "Selectors": [],
      "ResponseHeaders": [
        {
          "Name": "Accept-Ranges",
          "Value": "bytes"
        },
        {
          "Name": "Cache-Control",
          "Value": "no-cache"
        },
        {
          "Name": "Content-Length",
          "Value": "68266"
        },
        {
          "Name": "Content-Type",
          "Value": "text/css"
        },
        {
          "Name": "ETag",
          "Value": "\"ezlzqfTqJZTjEDR18neKc2tUTZtWoz3oQ/ouWY9WmO8=\""
        },
        {
          "Name": "Last-Modified",
          "Value": "Fri, 06 Nov 2020 10:39:26 GMT"
        }
      ],
      "EndpointProperties": [
        {
          "Name": "integrity",
          "Value": "sha256-ezlzqfTqJZTjEDR18neKc2tUTZtWoz3oQ/ouWY9WmO8="
        }
      ]
    },
    {
      "Route": "lib/bootstrap/dist/css/bootstrap-grid.css.0i1dcxd824.map",
      "AssetFile": "lib/bootstrap/dist/css/bootstrap-grid.css.map",
      "Selectors": [],
      "ResponseHeaders": [
        {
          "Name": "Accept-Ranges",
          "Value": "bytes"
        },
        {
          "Name": "Cache-Control",
          "Value": "max-age=31536000, immutable"
        },
        {
          "Name": "Content-Length",
          "Value": "151749"
        },
        {
          "Name": "Content-Type",
          "Value": "text/plain"
        },
        {
          "Name": "ETag",
          "Value": "\"2MgjO0zpqYZscatQSGWJ9Io9U8EjvXk0iYygYz1Q+Ms=\""
        },
        {
          "Name": "Last-Modified",
          "Value": "Fri, 06 Nov 2020 10:39:26 GMT"
        }
      ],
      "EndpointProperties": [
        {
          "Name": "fingerprint",
          "Value": "0i1dcxd824"
        },
        {
          "Name": "integrity",
          "Value": "sha256-2MgjO0zpqYZscatQSGWJ9Io9U8EjvXk0iYygYz1Q+Ms="
        },
        {
          "Name": "label",
          "Value": "lib/bootstrap/dist/css/bootstrap-grid.css.map"
        }
      ]
    },
    {
      "Route": "lib/bootstrap/dist/css/bootstrap-grid.css.map",
      "AssetFile": "lib/bootstrap/dist/css/bootstrap-grid.css.map",
      "Selectors": [],
      "ResponseHeaders": [
        {
          "Name": "Accept-Ranges",
          "Value": "bytes"
        },
        {
          "Name": "Cache-Control",
          "Value": "no-cache"
        },
        {
          "Name": "Content-Length",
          "Value": "151749"
        },
        {
          "Name": "Content-Type",
          "Value": "text/plain"
        },
        {
          "Name": "ETag",
          "Value": "\"2MgjO0zpqYZscatQSGWJ9Io9U8EjvXk0iYygYz1Q+Ms=\""
        },
        {
          "Name": "Last-Modified",
          "Value": "Fri, 06 Nov 2020 10:39:26 GMT"
        }
      ],
      "EndpointProperties": [
        {
          "Name": "integrity",
          "Value": "sha256-2MgjO0zpqYZscatQSGWJ9Io9U8EjvXk0iYygYz1Q+Ms="
        }
      ]
    },
    {
      "Route": "lib/bootstrap/dist/css/bootstrap-grid.min.css",
      "AssetFile": "lib/bootstrap/dist/css/bootstrap-grid.min.css",
      "Selectors": [],
      "ResponseHeaders": [
        {
          "Name": "Accept-Ranges",
          "Value": "bytes"
        },
        {
          "Name": "Cache-Control",
          "Value": "no-cache"
        },
        {
          "Name": "Content-Length",
          "Value": "48494"
        },
        {
          "Name": "Content-Type",
          "Value": "text/css"
        },
        {
          "Name": "ETag",
          "Value": "\"vdSFRAWr6LTognRmxyi6QlSO5O+MC+VGyMbziTrBmBQ=\""
        },
        {
          "Name": "Last-Modified",
          "Value": "Fri, 06 Nov 2020 10:39:26 GMT"
        }
      ],
      "EndpointProperties": [
        {
          "Name": "integrity",
          "Value": "sha256-vdSFRAWr6LTognRmxyi6QlSO5O+MC+VGyMbziTrBmBQ="
        }
      ]
    },
    {
      "Route": "lib/bootstrap/dist/css/bootstrap-grid.min.css.jzb7jyrjvs.map",
      "AssetFile": "lib/bootstrap/dist/css/bootstrap-grid.min.css.map",
      "Selectors": [],
      "ResponseHeaders": [
        {
          "Name": "Accept-Ranges",
          "Value": "bytes"
        },
        {
          "Name": "Cache-Control",
          "Value": "max-age=31536000, immutable"
        },
        {
          "Name": "Content-Length",
          "Value": "108539"
        },
        {
          "Name": "Content-Type",
          "Value": "text/plain"
        },
        {
          "Name": "ETag",
          "Value": "\"kZzlXLpTC0WvL0AL7nXf07BJ28WnY/1H/HrKgS68Q4I=\""
        },
        {
          "Name": "Last-Modified",
          "Value": "Fri, 06 Nov 2020 10:39:26 GMT"
        }
      ],
      "EndpointProperties": [
        {
          "Name": "fingerprint",
          "Value": "jzb7jyrjvs"
        },
        {
          "Name": "integrity",
          "Value": "sha256-kZzlXLpTC0WvL0AL7nXf07BJ28WnY/1H/HrKgS68Q4I="
        },
        {
          "Name": "label",
          "Value": "lib/bootstrap/dist/css/bootstrap-grid.min.css.map"
        }
      ]
    },
    {
      "Route": "lib/bootstrap/dist/css/bootstrap-grid.min.css.map",
      "AssetFile": "lib/bootstrap/dist/css/bootstrap-grid.min.css.map",
      "Selectors": [],
      "ResponseHeaders": [
        {
          "Name": "Accept-Ranges",
          "Value": "bytes"
        },
        {
          "Name": "Cache-Control",
          "Value": "no-cache"
        },
        {
          "Name": "Content-Length",
          "Value": "108539"
        },
        {
          "Name": "Content-Type",
          "Value": "text/plain"
        },
        {
          "Name": "ETag",
          "Value": "\"kZzlXLpTC0WvL0AL7nXf07BJ28WnY/1H/HrKgS68Q4I=\""
        },
        {
          "Name": "Last-Modified",
          "Value": "Fri, 06 Nov 2020 10:39:26 GMT"
        }
      ],
      "EndpointProperties": [
        {
          "Name": "integrity",
          "Value": "sha256-kZzlXLpTC0WvL0AL7nXf07BJ28WnY/1H/HrKgS68Q4I="
        }
      ]
    },
    {
      "Route": "lib/bootstrap/dist/css/bootstrap-grid.min.vxs71z90fw.css",
      "AssetFile": "lib/bootstrap/dist/css/bootstrap-grid.min.css",
      "Selectors": [],
      "ResponseHeaders": [
        {
          "Name": "Accept-Ranges",
          "Value": "bytes"
        },
        {
          "Name": "Cache-Control",
          "Value": "max-age=31536000, immutable"
        },
        {
          "Name": "Content-Length",
          "Value": "48494"
        },
        {
          "Name": "Content-Type",
          "Value": "text/css"
        },
        {
          "Name": "ETag",
          "Value": "\"vdSFRAWr6LTognRmxyi6QlSO5O+MC+VGyMbziTrBmBQ=\""
        },
        {
          "Name": "Last-Modified",
          "Value": "Fri, 06 Nov 2020 10:39:26 GMT"
        }
      ],
      "EndpointProperties": [
        {
          "Name": "fingerprint",
          "Value": "vxs71z90fw"
        },
        {
          "Name": "integrity",
          "Value": "sha256-vdSFRAWr6LTognRmxyi6QlSO5O+MC+VGyMbziTrBmBQ="
        },
        {
          "Name": "label",
          "Value": "lib/bootstrap/dist/css/bootstrap-grid.min.css"
        }
      ]
    },
    {
      "Route": "lib/bootstrap/dist/css/bootstrap-reboot.css",
      "AssetFile": "lib/bootstrap/dist/css/bootstrap-reboot.css",
      "Selectors": [],
      "ResponseHeaders": [
        {
          "Name": "Accept-Ranges",
          "Value": "bytes"
        },
        {
          "Name": "Cache-Control",
          "Value": "no-cache"
        },
        {
          "Name": "Content-Length",
          "Value": "5227"
        },
        {
          "Name": "Content-Type",
          "Value": "text/css"
        },
        {
          "Name": "ETag",
          "Value": "\"cZWhU8ntBevnbhNEh3hunnIoi6dE1eUwX41sB6+bHmo=\""
        },
        {
          "Name": "Last-Modified",
          "Value": "Fri, 06 Nov 2020 10:39:26 GMT"
        }
      ],
      "EndpointProperties": [
        {
          "Name": "integrity",
          "Value": "sha256-cZWhU8ntBevnbhNEh3hunnIoi6dE1eUwX41sB6+bHmo="
        }
      ]
    },
    {
      "Route": "lib/bootstrap/dist/css/bootstrap-reboot.css.map",
      "AssetFile": "lib/bootstrap/dist/css/bootstrap-reboot.css.map",
      "Selectors": [],
      "ResponseHeaders": [
        {
          "Name": "Accept-Ranges",
          "Value": "bytes"
        },
        {
          "Name": "Cache-Control",
          "Value": "no-cache"
        },
        {
          "Name": "Content-Length",
          "Value": "76483"
        },
        {
          "Name": "Content-Type",
          "Value": "text/plain"
        },
        {
          "Name": "ETag",
          "Value": "\"3e6awqXPijx918dzyzbbHKwaDBTsIQ8Us38QY30GRms=\""
        },
        {
          "Name": "Last-Modified",
          "Value": "Fri, 06 Nov 2020 10:39:26 GMT"
        }
      ],
      "EndpointProperties": [
        {
          "Name": "integrity",
          "Value": "sha256-3e6awqXPijx918dzyzbbHKwaDBTsIQ8Us38QY30GRms="
        }
      ]
    },
    {
      "Route": "lib/bootstrap/dist/css/bootstrap-reboot.css.tgg2bl5mrw.map",
      "AssetFile": "lib/bootstrap/dist/css/bootstrap-reboot.css.map",
      "Selectors": [],
      "ResponseHeaders": [
        {
          "Name": "Accept-Ranges",
          "Value": "bytes"
        },
        {
          "Name": "Cache-Control",
          "Value": "max-age=31536000, immutable"
        },
        {
          "Name": "Content-Length",
          "Value": "76483"
        },
        {
          "Name": "Content-Type",
          "Value": "text/plain"
        },
        {
          "Name": "ETag",
          "Value": "\"3e6awqXPijx918dzyzbbHKwaDBTsIQ8Us38QY30GRms=\""
        },
        {
          "Name": "Last-Modified",
          "Value": "Fri, 06 Nov 2020 10:39:26 GMT"
        }
      ],
      "EndpointProperties": [
        {
          "Name": "fingerprint",
          "Value": "tgg2bl5mrw"
        },
        {
          "Name": "integrity",
          "Value": "sha256-3e6awqXPijx918dzyzbbHKwaDBTsIQ8Us38QY30GRms="
        },
        {
          "Name": "label",
          "Value": "lib/bootstrap/dist/css/bootstrap-reboot.css.map"
        }
      ]
    },
    {
      "Route": "lib/bootstrap/dist/css/bootstrap-reboot.min.brwg1hntyu.css",
      "AssetFile": "lib/bootstrap/dist/css/bootstrap-reboot.min.css",
      "Selectors": [],
      "ResponseHeaders": [
        {
          "Name": "Accept-Ranges",
          "Value": "bytes"
        },
        {
          "Name": "Cache-Control",
          "Value": "max-age=31536000, immutable"
        },
        {
          "Name": "Content-Length",
          "Value": "4028"
        },
        {
          "Name": "Content-Type",
          "Value": "text/css"
        },
        {
          "Name": "ETag",
          "Value": "\"1z7sRzwNyqpcTrqPd/iXuzoApqDdjpRbHwjAZ8QMhOk=\""
        },
        {
          "Name": "Last-Modified",
          "Value": "Fri, 06 Nov 2020 10:39:26 GMT"
        }
      ],
      "EndpointProperties": [
        {
          "Name": "fingerprint",
          "Value": "brwg1hntyu"
        },
        {
          "Name": "integrity",
          "Value": "sha256-1z7sRzwNyqpcTrqPd/iXuzoApqDdjpRbHwjAZ8QMhOk="
        },
        {
          "Name": "label",
          "Value": "lib/bootstrap/dist/css/bootstrap-reboot.min.css"
        }
      ]
    },
    {
      "Route": "lib/bootstrap/dist/css/bootstrap-reboot.min.css",
      "AssetFile": "lib/bootstrap/dist/css/bootstrap-reboot.min.css",
      "Selectors": [],
      "ResponseHeaders": [
        {
          "Name": "Accept-Ranges",
          "Value": "bytes"
        },
        {
          "Name": "Cache-Control",
          "Value": "no-cache"
        },
        {
          "Name": "Content-Length",
          "Value": "4028"
        },
        {
          "Name": "Content-Type",
          "Value": "text/css"
        },
        {
          "Name": "ETag",
          "Value": "\"1z7sRzwNyqpcTrqPd/iXuzoApqDdjpRbHwjAZ8QMhOk=\""
        },
        {
          "Name": "Last-Modified",
          "Value": "Fri, 06 Nov 2020 10:39:26 GMT"
        }
      ],
      "EndpointProperties": [
        {
          "Name": "integrity",
          "Value": "sha256-1z7sRzwNyqpcTrqPd/iXuzoApqDdjpRbHwjAZ8QMhOk="
        }
      ]
    },
    {
      "Route": "lib/bootstrap/dist/css/bootstrap-reboot.min.css.gf2dxac9qe.map",
      "AssetFile": "lib/bootstrap/dist/css/bootstrap-reboot.min.css.map",
      "Selectors": [],
      "ResponseHeaders": [
        {
          "Name": "Accept-Ranges",
          "Value": "bytes"
        },
        {
          "Name": "Cache-Control",
          "Value": "max-age=31536000, immutable"
        },
        {
          "Name": "Content-Length",
          "Value": "32461"
        },
        {
          "Name": "Content-Type",
          "Value": "text/plain"
        },
        {
          "Name": "ETag",
          "Value": "\"dIm3VZXztwbIlhOzVt+ggg5Dvhp28MJQGJoweOH9cAE=\""
        },
        {
          "Name": "Last-Modified",
          "Value": "Fri, 06 Nov 2020 10:39:26 GMT"
        }
      ],
      "EndpointProperties": [
        {
          "Name": "fingerprint",
          "Value": "gf2dxac9qe"
        },
        {
          "Name": "integrity",
          "Value": "sha256-dIm3VZXztwbIlhOzVt+ggg5Dvhp28MJQGJoweOH9cAE="
        },
        {
          "Name": "label",
          "Value": "lib/bootstrap/dist/css/bootstrap-reboot.min.css.map"
        }
      ]
    },
    {
      "Route": "lib/bootstrap/dist/css/bootstrap-reboot.min.css.map",
      "AssetFile": "lib/bootstrap/dist/css/bootstrap-reboot.min.css.map",
      "Selectors": [],
      "ResponseHeaders": [
        {
          "Name": "Accept-Ranges",
          "Value": "bytes"
        },
        {
          "Name": "Cache-Control",
          "Value": "no-cache"
        },
        {
          "Name": "Content-Length",
          "Value": "32461"
        },
        {
          "Name": "Content-Type",
          "Value": "text/plain"
        },
        {
          "Name": "ETag",
          "Value": "\"dIm3VZXztwbIlhOzVt+ggg5Dvhp28MJQGJoweOH9cAE=\""
        },
        {
          "Name": "Last-Modified",
          "Value": "Fri, 06 Nov 2020 10:39:26 GMT"
        }
      ],
      "EndpointProperties": [
        {
          "Name": "integrity",
          "Value": "sha256-dIm3VZXztwbIlhOzVt+ggg5Dvhp28MJQGJoweOH9cAE="
        }
      ]
    },
    {
      "Route": "lib/bootstrap/dist/css/bootstrap-reboot.nynt4yc5xr.css",
      "AssetFile": "lib/bootstrap/dist/css/bootstrap-reboot.css",
      "Selectors": [],
      "ResponseHeaders": [
        {
          "Name": "Accept-Ranges",
          "Value": "bytes"
        },
        {
          "Name": "Cache-Control",
          "Value": "max-age=31536000, immutable"
        },
        {
          "Name": "Content-Length",
          "Value": "5227"
        },
        {
          "Name": "Content-Type",
          "Value": "text/css"
        },
        {
          "Name": "ETag",
          "Value": "\"cZWhU8ntBevnbhNEh3hunnIoi6dE1eUwX41sB6+bHmo=\""
        },
        {
          "Name": "Last-Modified",
          "Value": "Fri, 06 Nov 2020 10:39:26 GMT"
        }
      ],
      "EndpointProperties": [
        {
          "Name": "fingerprint",
          "Value": "nynt4yc5xr"
        },
        {
          "Name": "integrity",
          "Value": "sha256-cZWhU8ntBevnbhNEh3hunnIoi6dE1eUwX41sB6+bHmo="
        },
        {
          "Name": "label",
          "Value": "lib/bootstrap/dist/css/bootstrap-reboot.css"
        }
      ]
    },
    {
      "Route": "lib/bootstrap/dist/css/bootstrap.css",
      "AssetFile": "lib/bootstrap/dist/css/bootstrap.css",
      "Selectors": [],
      "ResponseHeaders": [
        {
          "Name": "Accept-Ranges",
          "Value": "bytes"
        },
        {
          "Name": "Cache-Control",
          "Value": "no-cache"
        },
        {
          "Name": "Content-Length",
          "Value": "202385"
        },
        {
          "Name": "Content-Type",
          "Value": "text/css"
        },
        {
          "Name": "ETag",
          "Value": "\"eEx7gvq+uEM0o4kUBiy/+Mxl6rHH9NQ9UzRBWHe9mXg=\""
        },
        {
          "Name": "Last-Modified",
          "Value": "Fri, 06 Nov 2020 10:39:26 GMT"
        }
      ],
      "EndpointProperties": [
        {
          "Name": "integrity",
          "Value": "sha256-eEx7gvq+uEM0o4kUBiy/+Mxl6rHH9NQ9UzRBWHe9mXg="
        }
      ]
    },
    {
      "Route": "lib/bootstrap/dist/css/bootstrap.css.k9n1kkbua6.map",
      "AssetFile": "lib/bootstrap/dist/css/bootstrap.css.map",
      "Selectors": [],
      "ResponseHeaders": [
        {
          "Name": "Accept-Ranges",
          "Value": "bytes"
        },
        {
          "Name": "Cache-Control",
          "Value": "max-age=31536000, immutable"
        },
        {
          "Name": "Content-Length",
          "Value": "492048"
        },
        {
          "Name": "Content-Type",
          "Value": "text/plain"
        },
        {
          "Name": "ETag",
          "Value": "\"CMAZj3JKoZUVYSxVPS/FeGatmYSvHkujo5oaZLNXx0o=\""
        },
        {
          "Name": "Last-Modified",
          "Value": "Fri, 06 Nov 2020 10:39:26 GMT"
        }
      ],
      "EndpointProperties": [
        {
          "Name": "fingerprint",
          "Value": "k9n1kkbua6"
        },
        {
          "Name": "integrity",
          "Value": "sha256-CMAZj3JKoZUVYSxVPS/FeGatmYSvHkujo5oaZLNXx0o="
        },
        {
          "Name": "label",
          "Value": "lib/bootstrap/dist/css/bootstrap.css.map"
        }
      ]
    },
    {
      "Route": "lib/bootstrap/dist/css/bootstrap.css.map",
      "AssetFile": "lib/bootstrap/dist/css/bootstrap.css.map",
      "Selectors": [],
      "ResponseHeaders": [
        {
          "Name": "Accept-Ranges",
          "Value": "bytes"
        },
        {
          "Name": "Cache-Control",
          "Value": "no-cache"
        },
        {
          "Name": "Content-Length",
          "Value": "492048"
        },
        {
          "Name": "Content-Type",
          "Value": "text/plain"
        },
        {
          "Name": "ETag",
          "Value": "\"CMAZj3JKoZUVYSxVPS/FeGatmYSvHkujo5oaZLNXx0o=\""
        },
        {
          "Name": "Last-Modified",
          "Value": "Fri, 06 Nov 2020 10:39:26 GMT"
        }
      ],
      "EndpointProperties": [
        {
          "Name": "integrity",
          "Value": "sha256-CMAZj3JKoZUVYSxVPS/FeGatmYSvHkujo5oaZLNXx0o="
        }
      ]
    },
    {
      "Route": "lib/bootstrap/dist/css/bootstrap.gawgt6fljy.css",
      "AssetFile": "lib/bootstrap/dist/css/bootstrap.css",
      "Selectors": [],
      "ResponseHeaders": [
        {
          "Name": "Accept-Ranges",
          "Value": "bytes"
        },
        {
          "Name": "Cache-Control",
          "Value": "max-age=31536000, immutable"
        },
        {
          "Name": "Content-Length",
          "Value": "202385"
        },
        {
          "Name": "Content-Type",
          "Value": "text/css"
        },
        {
          "Name": "ETag",
          "Value": "\"eEx7gvq+uEM0o4kUBiy/+Mxl6rHH9NQ9UzRBWHe9mXg=\""
        },
        {
          "Name": "Last-Modified",
          "Value": "Fri, 06 Nov 2020 10:39:26 GMT"
        }
      ],
      "EndpointProperties": [
        {
          "Name": "fingerprint",
          "Value": "gawgt6fljy"
        },
        {
          "Name": "integrity",
          "Value": "sha256-eEx7gvq+uEM0o4kUBiy/+Mxl6rHH9NQ9UzRBWHe9mXg="
        },
        {
          "Name": "label",
          "Value": "lib/bootstrap/dist/css/bootstrap.css"
        }
      ]
    },
    {
      "Route": "lib/bootstrap/dist/css/bootstrap.min.css",
      "AssetFile": "lib/bootstrap/dist/css/bootstrap.min.css",
      "Selectors": [],
      "ResponseHeaders": [
        {
          "Name": "Accept-Ranges",
          "Value": "bytes"
        },
        {
          "Name": "Cache-Control",
          "Value": "no-cache"
        },
        {
          "Name": "Content-Length",
          "Value": "155764"
        },
        {
          "Name": "Content-Type",
          "Value": "text/css"
        },
        {
          "Name": "ETag",
          "Value": "\"rldnE7wZYJj3Q43t5v8fg1ojKRwyt0Wtfm+224CacZs=\""
        },
        {
          "Name": "Last-Modified",
          "Value": "Fri, 06 Nov 2020 10:39:26 GMT"
        }
      ],
      "EndpointProperties": [
        {
          "Name": "integrity",
          "Value": "sha256-rldnE7wZYJj3Q43t5v8fg1ojKRwyt0Wtfm+224CacZs="
        }
      ]
    },
    {
      "Route": "lib/bootstrap/dist/css/bootstrap.min.css.kao5znno1s.map",
      "AssetFile": "lib/bootstrap/dist/css/bootstrap.min.css.map",
      "Selectors": [],
      "ResponseHeaders": [
        {
          "Name": "Accept-Ranges",
          "Value": "bytes"
        },
        {
          "Name": "Cache-Control",
          "Value": "max-age=31536000, immutable"
        },
        {
          "Name": "Content-Length",
          "Value": "625953"
        },
        {
          "Name": "Content-Type",
          "Value": "text/plain"
        },
        {
          "Name": "ETag",
          "Value": "\"xMZ0SaSBYZSHVjFdZTAT/IjRExRIxSriWcJLcA9nkj0=\""
        },
        {
          "Name": "Last-Modified",
          "Value": "Fri, 06 Nov 2020 10:39:26 GMT"
        }
      ],
      "EndpointProperties": [
        {
          "Name": "fingerprint",
          "Value": "kao5znno1s"
        },
        {
          "Name": "integrity",
          "Value": "sha256-xMZ0SaSBYZSHVjFdZTAT/IjRExRIxSriWcJLcA9nkj0="
        },
        {
          "Name": "label",
          "Value": "lib/bootstrap/dist/css/bootstrap.min.css.map"
        }
      ]
    },
    {
      "Route": "lib/bootstrap/dist/css/bootstrap.min.css.map",
      "AssetFile": "lib/bootstrap/dist/css/bootstrap.min.css.map",
      "Selectors": [],
      "ResponseHeaders": [
        {
          "Name": "Accept-Ranges",
          "Value": "bytes"
        },
        {
          "Name": "Cache-Control",
          "Value": "no-cache"
        },
        {
          "Name": "Content-Length",
          "Value": "625953"
        },
        {
          "Name": "Content-Type",
          "Value": "text/plain"
        },
        {
          "Name": "ETag",
          "Value": "\"xMZ0SaSBYZSHVjFdZTAT/IjRExRIxSriWcJLcA9nkj0=\""
        },
        {
          "Name": "Last-Modified",
          "Value": "Fri, 06 Nov 2020 10:39:26 GMT"
        }
      ],
      "EndpointProperties": [
        {
          "Name": "integrity",
          "Value": "sha256-xMZ0SaSBYZSHVjFdZTAT/IjRExRIxSriWcJLcA9nkj0="
        }
      ]
    },
    {
      "Route": "lib/bootstrap/dist/css/bootstrap.min.etnb7xlipe.css",
      "AssetFile": "lib/bootstrap/dist/css/bootstrap.min.css",
      "Selectors": [],
      "ResponseHeaders": [
        {
          "Name": "Accept-Ranges",
          "Value": "bytes"
        },
        {
          "Name": "Cache-Control",
          "Value": "max-age=31536000, immutable"
        },
        {
          "Name": "Content-Length",
          "Value": "155764"
        },
        {
          "Name": "Content-Type",
          "Value": "text/css"
        },
        {
          "Name": "ETag",
          "Value": "\"rldnE7wZYJj3Q43t5v8fg1ojKRwyt0Wtfm+224CacZs=\""
        },
        {
          "Name": "Last-Modified",
          "Value": "Fri, 06 Nov 2020 10:39:26 GMT"
        }
      ],
      "EndpointProperties": [
        {
          "Name": "fingerprint",
          "Value": "etnb7xlipe"
        },
        {
          "Name": "integrity",
          "Value": "sha256-rldnE7wZYJj3Q43t5v8fg1ojKRwyt0Wtfm+224CacZs="
        },
        {
          "Name": "label",
          "Value": "lib/bootstrap/dist/css/bootstrap.min.css"
        }
      ]
    },
    {
      "Route": "lib/bootstrap/dist/js/bootstrap.48vr37mrsy.js",
      "AssetFile": "lib/bootstrap/dist/js/bootstrap.js",
      "Selectors": [],
      "ResponseHeaders": [
        {
          "Name": "Accept-Ranges",
          "Value": "bytes"
        },
        {
          "Name": "Cache-Control",
          "Value": "max-age=31536000, immutable"
        },
        {
          "Name": "Content-Length",
          "Value": "136072"
        },
        {
          "Name": "Content-Type",
          "Value": "text/javascript"
        },
        {
          "Name": "ETag",
          "Value": "\"LKpkBN2w3iudGRseLItcNcaMpI8qlSEUC7+DsnwGNwA=\""
        },
        {
          "Name": "Last-Modified",
          "Value": "Fri, 06 Nov 2020 10:39:26 GMT"
        }
      ],
      "EndpointProperties": [
        {
          "Name": "fingerprint",
          "Value": "48vr37mrsy"
        },
        {
          "Name": "integrity",
          "Value": "sha256-LKpkBN2w3iudGRseLItcNcaMpI8qlSEUC7+DsnwGNwA="
        },
        {
          "Name": "label",
          "Value": "lib/bootstrap/dist/js/bootstrap.js"
        }
      ]
    },
    {
      "Route": "lib/bootstrap/dist/js/bootstrap.bundle.js",
      "AssetFile": "lib/bootstrap/dist/js/bootstrap.bundle.js",
      "Selectors": [],
      "ResponseHeaders": [
        {
          "Name": "Accept-Ranges",
          "Value": "bytes"
        },
        {
          "Name": "Cache-Control",
          "Value": "no-cache"
        },
        {
          "Name": "Content-Length",
          "Value": "229924"
        },
        {
          "Name": "Content-Type",
          "Value": "text/javascript"
        },
        {
          "Name": "ETag",
          "Value": "\"srIwGYgANrjaabGVuC3G7O0jv1Xh3Kt7dIc3/P0Ebf0=\""
        },
        {
          "Name": "Last-Modified",
          "Value": "Fri, 06 Nov 2020 10:39:26 GMT"
        }
      ],
      "EndpointProperties": [
        {
          "Name": "integrity",
          "Value": "sha256-srIwGYgANrjaabGVuC3G7O0jv1Xh3Kt7dIc3/P0Ebf0="
        }
      ]
    },
    {
      "Route": "lib/bootstrap/dist/js/bootstrap.bundle.js.map",
      "AssetFile": "lib/bootstrap/dist/js/bootstrap.bundle.js.map",
      "Selectors": [],
      "ResponseHeaders": [
        {
          "Name": "Accept-Ranges",
          "Value": "bytes"
        },
        {
          "Name": "Cache-Control",
          "Value": "no-cache"
        },
        {
          "Name": "Content-Length",
          "Value": "402249"
        },
        {
          "Name": "Content-Type",
          "Value": "text/plain"
        },
        {
          "Name": "ETag",
          "Value": "\"3UpdqvoTc6M2sug8WtFhr/m3tg+4zLMgoMgjqpn5n1I=\""
        },
        {
          "Name": "Last-Modified",
          "Value": "Fri, 06 Nov 2020 10:39:26 GMT"
        }
      ],
      "EndpointProperties": [
        {
          "Name": "integrity",
          "Value": "sha256-3UpdqvoTc6M2sug8WtFhr/m3tg+4zLMgoMgjqpn5n1I="
        }
      ]
    },
    {
      "Route": "lib/bootstrap/dist/js/bootstrap.bundle.js.pxamm17y9e.map",
      "AssetFile": "lib/bootstrap/dist/js/bootstrap.bundle.js.map",
      "Selectors": [],
      "ResponseHeaders": [
        {
          "Name": "Accept-Ranges",
          "Value": "bytes"
        },
        {
          "Name": "Cache-Control",
          "Value": "max-age=31536000, immutable"
        },
        {
          "Name": "Content-Length",
          "Value": "402249"
        },
        {
          "Name": "Content-Type",
          "Value": "text/plain"
        },
        {
          "Name": "ETag",
          "Value": "\"3UpdqvoTc6M2sug8WtFhr/m3tg+4zLMgoMgjqpn5n1I=\""
        },
        {
          "Name": "Last-Modified",
          "Value": "Fri, 06 Nov 2020 10:39:26 GMT"
        }
      ],
      "EndpointProperties": [
        {
          "Name": "fingerprint",
          "Value": "pxamm17y9e"
        },
        {
          "Name": "integrity",
          "Value": "sha256-3UpdqvoTc6M2sug8WtFhr/m3tg+4zLMgoMgjqpn5n1I="
        },
        {
          "Name": "label",
          "Value": "lib/bootstrap/dist/js/bootstrap.bundle.js.map"
        }
      ]
    },
    {
      "Route": "lib/bootstrap/dist/js/bootstrap.bundle.min.hjuzisly30.js",
      "AssetFile": "lib/bootstrap/dist/js/bootstrap.bundle.min.js",
      "Selectors": [],
      "ResponseHeaders": [
        {
          "Name": "Accept-Ranges",
          "Value": "bytes"
        },
        {
          "Name": "Cache-Control",
          "Value": "max-age=31536000, immutable"
        },
        {
          "Name": "Content-Length",
          "Value": "78641"
        },
        {
          "Name": "Content-Type",
          "Value": "text/javascript"
        },
        {
          "Name": "ETag",
          "Value": "\"XZfkOGd6FuhF88h5GgEmRIpXbm+hBkFo74yYDPY5rbw=\""
        },
        {
          "Name": "Last-Modified",
          "Value": "Fri, 06 Nov 2020 10:39:26 GMT"
        }
      ],
      "EndpointProperties": [
        {
          "Name": "fingerprint",
          "Value": "hjuzisly30"
        },
        {
          "Name": "integrity",
          "Value": "sha256-XZfkOGd6FuhF88h5GgEmRIpXbm+hBkFo74yYDPY5rbw="
        },
        {
          "Name": "label",
          "Value": "lib/bootstrap/dist/js/bootstrap.bundle.min.js"
        }
      ]
    },
    {
      "Route": "lib/bootstrap/dist/js/bootstrap.bundle.min.js",
      "AssetFile": "lib/bootstrap/dist/js/bootstrap.bundle.min.js",
      "Selectors": [],
      "ResponseHeaders": [
        {
          "Name": "Accept-Ranges",
          "Value": "bytes"
        },
        {
          "Name": "Cache-Control",
          "Value": "no-cache"
        },
        {
          "Name": "Content-Length",
          "Value": "78641"
        },
        {
          "Name": "Content-Type",
          "Value": "text/javascript"
        },
        {
          "Name": "ETag",
          "Value": "\"XZfkOGd6FuhF88h5GgEmRIpXbm+hBkFo74yYDPY5rbw=\""
        },
        {
          "Name": "Last-Modified",
          "Value": "Fri, 06 Nov 2020 10:39:26 GMT"
        }
      ],
      "EndpointProperties": [
        {
          "Name": "integrity",
          "Value": "sha256-XZfkOGd6FuhF88h5GgEmRIpXbm+hBkFo74yYDPY5rbw="
        }
      ]
    },
    {
      "Route": "lib/bootstrap/dist/js/bootstrap.bundle.min.js.map",
      "AssetFile": "lib/bootstrap/dist/js/bootstrap.bundle.min.js.map",
      "Selectors": [],
      "ResponseHeaders": [
        {
          "Name": "Accept-Ranges",
          "Value": "bytes"
        },
        {
          "Name": "Cache-Control",
          "Value": "no-cache"
        },
        {
          "Name": "Content-Length",
          "Value": "311949"
        },
        {
          "Name": "Content-Type",
          "Value": "text/plain"
        },
        {
          "Name": "ETag",
          "Value": "\"8i3JQdKYQQcJzmbkwhwY+1XPe7Utf1LdBnYZCvNmKWc=\""
        },
        {
          "Name": "Last-Modified",
          "Value": "Fri, 06 Nov 2020 10:39:26 GMT"
        }
      ],
      "EndpointProperties": [
        {
          "Name": "integrity",
          "Value": "sha256-8i3JQdKYQQcJzmbkwhwY+1XPe7Utf1LdBnYZCvNmKWc="
        }
      ]
    },
    {
      "Route": "lib/bootstrap/dist/js/bootstrap.bundle.min.js.u9xms436mi.map",
      "AssetFile": "lib/bootstrap/dist/js/bootstrap.bundle.min.js.map",
      "Selectors": [],
      "ResponseHeaders": [
        {
          "Name": "Accept-Ranges",
          "Value": "bytes"
        },
        {
          "Name": "Cache-Control",
          "Value": "max-age=31536000, immutable"
        },
        {
          "Name": "Content-Length",
          "Value": "311949"
        },
        {
          "Name": "Content-Type",
          "Value": "text/plain"
        },
        {
          "Name": "ETag",
          "Value": "\"8i3JQdKYQQcJzmbkwhwY+1XPe7Utf1LdBnYZCvNmKWc=\""
        },
        {
          "Name": "Last-Modified",
          "Value": "Fri, 06 Nov 2020 10:39:26 GMT"
        }
      ],
      "EndpointProperties": [
        {
          "Name": "fingerprint",
          "Value": "u9xms436mi"
        },
        {
          "Name": "integrity",
          "Value": "sha256-8i3JQdKYQQcJzmbkwhwY+1XPe7Utf1LdBnYZCvNmKWc="
        },
        {
          "Name": "label",
          "Value": "lib/bootstrap/dist/js/bootstrap.bundle.min.js.map"
        }
      ]
    },
    {
      "Route": "lib/bootstrap/dist/js/bootstrap.bundle.u0biprgly9.js",
      "AssetFile": "lib/bootstrap/dist/js/bootstrap.bundle.js",
      "Selectors": [],
      "ResponseHeaders": [
        {
          "Name": "Accept-Ranges",
          "Value": "bytes"
        },
        {
          "Name": "Cache-Control",
          "Value": "max-age=31536000, immutable"
        },
        {
          "Name": "Content-Length",
          "Value": "229924"
        },
        {
          "Name": "Content-Type",
          "Value": "text/javascript"
        },
        {
          "Name": "ETag",
          "Value": "\"srIwGYgANrjaabGVuC3G7O0jv1Xh3Kt7dIc3/P0Ebf0=\""
        },
        {
          "Name": "Last-Modified",
          "Value": "Fri, 06 Nov 2020 10:39:26 GMT"
        }
      ],
      "EndpointProperties": [
        {
          "Name": "fingerprint",
          "Value": "u0biprgly9"
        },
        {
          "Name": "integrity",
          "Value": "sha256-srIwGYgANrjaabGVuC3G7O0jv1Xh3Kt7dIc3/P0Ebf0="
        },
        {
          "Name": "label",
          "Value": "lib/bootstrap/dist/js/bootstrap.bundle.js"
        }
      ]
    },
    {
      "Route": "lib/bootstrap/dist/js/bootstrap.js",
      "AssetFile": "lib/bootstrap/dist/js/bootstrap.js",
      "Selectors": [],
      "ResponseHeaders": [
        {
          "Name": "Accept-Ranges",
          "Value": "bytes"
        },
        {
          "Name": "Cache-Control",
          "Value": "no-cache"
        },
        {
          "Name": "Content-Length",
          "Value": "136072"
        },
        {
          "Name": "Content-Type",
          "Value": "text/javascript"
        },
        {
          "Name": "ETag",
          "Value": "\"LKpkBN2w3iudGRseLItcNcaMpI8qlSEUC7+DsnwGNwA=\""
        },
        {
          "Name": "Last-Modified",
          "Value": "Fri, 06 Nov 2020 10:39:26 GMT"
        }
      ],
      "EndpointProperties": [
        {
          "Name": "integrity",
          "Value": "sha256-LKpkBN2w3iudGRseLItcNcaMpI8qlSEUC7+DsnwGNwA="
        }
      ]
    },
    {
      "Route": "lib/bootstrap/dist/js/bootstrap.js.map",
      "AssetFile": "lib/bootstrap/dist/js/bootstrap.js.map",
      "Selectors": [],
      "ResponseHeaders": [
        {
          "Name": "Accept-Ranges",
          "Value": "bytes"
        },
        {
          "Name": "Cache-Control",
          "Value": "no-cache"
        },
        {
          "Name": "Content-Length",
          "Value": "250568"
        },
        {
          "Name": "Content-Type",
          "Value": "text/plain"
        },
        {
          "Name": "ETag",
          "Value": "\"R81NA2DWe8EPjZ2OUhieXYgvvXBnm78oMdeqOtSEr7c=\""
        },
        {
          "Name": "Last-Modified",
          "Value": "Fri, 06 Nov 2020 10:39:26 GMT"
        }
      ],
      "EndpointProperties": [
        {
          "Name": "integrity",
          "Value": "sha256-R81NA2DWe8EPjZ2OUhieXYgvvXBnm78oMdeqOtSEr7c="
        }
      ]
    },
    {
      "Route": "lib/bootstrap/dist/js/bootstrap.js.vaswmcjbo4.map",
      "AssetFile": "lib/bootstrap/dist/js/bootstrap.js.map",
      "Selectors": [],
      "ResponseHeaders": [
        {
          "Name": "Accept-Ranges",
          "Value": "bytes"
        },
        {
          "Name": "Cache-Control",
          "Value": "max-age=31536000, immutable"
        },
        {
          "Name": "Content-Length",
          "Value": "250568"
        },
        {
          "Name": "Content-Type",
          "Value": "text/plain"
        },
        {
          "Name": "ETag",
          "Value": "\"R81NA2DWe8EPjZ2OUhieXYgvvXBnm78oMdeqOtSEr7c=\""
        },
        {
          "Name": "Last-Modified",
          "Value": "Fri, 06 Nov 2020 10:39:26 GMT"
        }
      ],
      "EndpointProperties": [
        {
          "Name": "fingerprint",
          "Value": "vaswmcjbo4"
        },
        {
          "Name": "integrity",
          "Value": "sha256-R81NA2DWe8EPjZ2OUhieXYgvvXBnm78oMdeqOtSEr7c="
        },
        {
          "Name": "label",
          "Value": "lib/bootstrap/dist/js/bootstrap.js.map"
        }
      ]
    },
    {
      "Route": "lib/bootstrap/dist/js/bootstrap.min.js",
      "AssetFile": "lib/bootstrap/dist/js/bootstrap.min.js",
      "Selectors": [],
      "ResponseHeaders": [
        {
          "Name": "Accept-Ranges",
          "Value": "bytes"
        },
        {
          "Name": "Cache-Control",
          "Value": "no-cache"
        },
        {
          "Name": "Content-Length",
          "Value": "58078"
        },
        {
          "Name": "Content-Type",
          "Value": "text/javascript"
        },
        {
          "Name": "ETag",
          "Value": "\"O82ALp93hJ58HpPIcnn7uwTUWUnSvnmwNWbOrN4psVg=\""
        },
        {
          "Name": "Last-Modified",
          "Value": "Fri, 06 Nov 2020 10:39:26 GMT"
        }
      ],
      "EndpointProperties": [
        {
          "Name": "integrity",
          "Value": "sha256-O82ALp93hJ58HpPIcnn7uwTUWUnSvnmwNWbOrN4psVg="
        }
      ]
    },
    {
      "Route": "lib/bootstrap/dist/js/bootstrap.min.js.map",
      "AssetFile": "lib/bootstrap/dist/js/bootstrap.min.js.map",
      "Selectors": [],
      "ResponseHeaders": [
        {
          "Name": "Accept-Ranges",
          "Value": "bytes"
        },
        {
          "Name": "Cache-Control",
          "Value": "no-cache"
        },
        {
          "Name": "Content-Length",
          "Value": "190253"
        },
        {
          "Name": "Content-Type",
          "Value": "text/plain"
        },
        {
          "Name": "ETag",
          "Value": "\"vMfBbEXmojM9AaHrIyKSo+20n5JM7KMyJkBCfL4pgL4=\""
        },
        {
          "Name": "Last-Modified",
          "Value": "Fri, 06 Nov 2020 10:39:26 GMT"
        }
      ],
      "EndpointProperties": [
        {
          "Name": "integrity",
          "Value": "sha256-vMfBbEXmojM9AaHrIyKSo+20n5JM7KMyJkBCfL4pgL4="
        }
      ]
    },
    {
      "Route": "lib/bootstrap/dist/js/bootstrap.min.js.sgi57dik4g.map",
      "AssetFile": "lib/bootstrap/dist/js/bootstrap.min.js.map",
      "Selectors": [],
      "ResponseHeaders": [
        {
          "Name": "Accept-Ranges",
          "Value": "bytes"
        },
        {
          "Name": "Cache-Control",
          "Value": "max-age=31536000, immutable"
        },
        {
          "Name": "Content-Length",
          "Value": "190253"
        },
        {
          "Name": "Content-Type",
          "Value": "text/plain"
        },
        {
          "Name": "ETag",
          "Value": "\"vMfBbEXmojM9AaHrIyKSo+20n5JM7KMyJkBCfL4pgL4=\""
        },
        {
          "Name": "Last-Modified",
          "Value": "Fri, 06 Nov 2020 10:39:26 GMT"
        }
      ],
      "EndpointProperties": [
        {
          "Name": "fingerprint",
          "Value": "sgi57dik4g"
        },
        {
          "Name": "integrity",
          "Value": "sha256-vMfBbEXmojM9AaHrIyKSo+20n5JM7KMyJkBCfL4pgL4="
        },
        {
          "Name": "label",
          "Value": "lib/bootstrap/dist/js/bootstrap.min.js.map"
        }
      ]
    },
    {
      "Route": "lib/bootstrap/dist/js/bootstrap.min.zu238p5lxg.js",
      "AssetFile": "lib/bootstrap/dist/js/bootstrap.min.js",
      "Selectors": [],
      "ResponseHeaders": [
        {
          "Name": "Accept-Ranges",
          "Value": "bytes"
        },
        {
          "Name": "Cache-Control",
          "Value": "max-age=31536000, immutable"
        },
        {
          "Name": "Content-Length",
          "Value": "58078"
        },
        {
          "Name": "Content-Type",
          "Value": "text/javascript"
        },
        {
          "Name": "ETag",
          "Value": "\"O82ALp93hJ58HpPIcnn7uwTUWUnSvnmwNWbOrN4psVg=\""
        },
        {
          "Name": "Last-Modified",
          "Value": "Fri, 06 Nov 2020 10:39:26 GMT"
        }
      ],
      "EndpointProperties": [
        {
          "Name": "fingerprint",
          "Value": "zu238p5lxg"
        },
        {
          "Name": "integrity",
          "Value": "sha256-O82ALp93hJ58HpPIcnn7uwTUWUnSvnmwNWbOrN4psVg="
        },
        {
          "Name": "label",
          "Value": "lib/bootstrap/dist/js/bootstrap.min.js"
        }
      ]
    },
    {
      "Route": "lib/jquery-loading-overlay/loadingoverlay.min.js",
      "AssetFile": "lib/jquery-loading-overlay/loadingoverlay.min.js",
      "Selectors": [],
      "ResponseHeaders": [
        {
          "Name": "Accept-Ranges",
          "Value": "bytes"
        },
        {
          "Name": "Cache-Control",
          "Value": "no-cache"
        },
        {
          "Name": "Content-Length",
          "Value": "12049"
        },
        {
          "Name": "Content-Type",
          "Value": "text/javascript"
        },
        {
          "Name": "ETag",
          "Value": "\"ChYZIEnEbC9/MtDj2w6rImV/wOdEmTciBFx+TMcm4k0=\""
        },
        {
          "Name": "Last-Modified",
          "Value": "Fri, 06 Nov 2020 10:39:26 GMT"
        }
      ],
      "EndpointProperties": [
        {
          "Name": "integrity",
          "Value": "sha256-ChYZIEnEbC9/MtDj2w6rImV/wOdEmTciBFx+TMcm4k0="
        }
      ]
    },
    {
      "Route": "lib/jquery-loading-overlay/loadingoverlay.min.m5wtu4uay5.js",
      "AssetFile": "lib/jquery-loading-overlay/loadingoverlay.min.js",
      "Selectors": [],
      "ResponseHeaders": [
        {
          "Name": "Accept-Ranges",
          "Value": "bytes"
        },
        {
          "Name": "Cache-Control",
          "Value": "max-age=31536000, immutable"
        },
        {
          "Name": "Content-Length",
          "Value": "12049"
        },
        {
          "Name": "Content-Type",
          "Value": "text/javascript"
        },
        {
          "Name": "ETag",
          "Value": "\"ChYZIEnEbC9/MtDj2w6rImV/wOdEmTciBFx+TMcm4k0=\""
        },
        {
          "Name": "Last-Modified",
          "Value": "Fri, 06 Nov 2020 10:39:26 GMT"
        }
      ],
      "EndpointProperties": [
        {
          "Name": "fingerprint",
          "Value": "m5wtu4uay5"
        },
        {
          "Name": "integrity",
          "Value": "sha256-ChYZIEnEbC9/MtDj2w6rImV/wOdEmTciBFx+TMcm4k0="
        },
        {
          "Name": "label",
          "Value": "lib/jquery-loading-overlay/loadingoverlay.min.js"
        }
      ]
    },
    {
      "Route": "lib/jquery-validation-unobtrusive/LICENSE.txt",
      "AssetFile": "lib/jquery-validation-unobtrusive/LICENSE.txt",
      "Selectors": [],
      "ResponseHeaders": [
        {
          "Name": "Accept-Ranges",
          "Value": "bytes"
        },
        {
          "Name": "Cache-Control",
          "Value": "no-cache"
        },
        {
          "Name": "Content-Length",
          "Value": "587"
        },
        {
          "Name": "Content-Type",
          "Value": "text/plain"
        },
        {
          "Name": "ETag",
          "Value": "\"aBc/n/nO9esvq0e80G57lEYLonvE5dKKUgoozaiVfLM=\""
        },
        {
          "Name": "Last-Modified",
          "Value": "Fri, 06 Nov 2020 10:39:26 GMT"
        }
      ],
      "EndpointProperties": [
        {
          "Name": "integrity",
          "Value": "sha256-aBc/n/nO9esvq0e80G57lEYLonvE5dKKUgoozaiVfLM="
        }
      ]
    },
    {
      "Route": "lib/jquery-validation-unobtrusive/LICENSE.wqejeusuyq.txt",
      "AssetFile": "lib/jquery-validation-unobtrusive/LICENSE.txt",
      "Selectors": [],
      "ResponseHeaders": [
        {
          "Name": "Accept-Ranges",
          "Value": "bytes"
        },
        {
          "Name": "Cache-Control",
          "Value": "max-age=31536000, immutable"
        },
        {
          "Name": "Content-Length",
          "Value": "587"
        },
        {
          "Name": "Content-Type",
          "Value": "text/plain"
        },
        {
          "Name": "ETag",
          "Value": "\"aBc/n/nO9esvq0e80G57lEYLonvE5dKKUgoozaiVfLM=\""
        },
        {
          "Name": "Last-Modified",
          "Value": "Fri, 06 Nov 2020 10:39:26 GMT"
        }
      ],
      "EndpointProperties": [
        {
          "Name": "fingerprint",
          "Value": "wqejeusuyq"
        },
        {
          "Name": "integrity",
          "Value": "sha256-aBc/n/nO9esvq0e80G57lEYLonvE5dKKUgoozaiVfLM="
        },
        {
          "Name": "label",
          "Value": "lib/jquery-validation-unobtrusive/LICENSE.txt"
        }
      ]
    },
    {
      "Route": "lib/jquery-validation-unobtrusive/jquery.validate.unobtrusive.dvc2bfcndg.js",
      "AssetFile": "lib/jquery-validation-unobtrusive/jquery.validate.unobtrusive.js",
      "Selectors": [],
      "ResponseHeaders": [
        {
          "Name": "Accept-Ranges",
          "Value": "bytes"
        },
        {
          "Name": "Cache-Control",
          "Value": "max-age=31536000, immutable"
        },
        {
          "Name": "Content-Length",
          "Value": "19798"
        },
        {
          "Name": "Content-Type",
          "Value": "text/javascript"
        },
        {
          "Name": "ETag",
          "Value": "\"qbS02vMHZxdLNYKUtLPSYaSHXj1/ZwH1fv9f3XAY0LU=\""
        },
        {
          "Name": "Last-Modified",
          "Value": "Fri, 06 Nov 2020 10:39:26 GMT"
        }
      ],
      "EndpointProperties": [
        {
          "Name": "fingerprint",
          "Value": "dvc2bfcndg"
        },
        {
          "Name": "integrity",
          "Value": "sha256-qbS02vMHZxdLNYKUtLPSYaSHXj1/ZwH1fv9f3XAY0LU="
        },
        {
          "Name": "label",
          "Value": "lib/jquery-validation-unobtrusive/jquery.validate.unobtrusive.js"
        }
      ]
    },
    {
      "Route": "lib/jquery-validation-unobtrusive/jquery.validate.unobtrusive.js",
      "AssetFile": "lib/jquery-validation-unobtrusive/jquery.validate.unobtrusive.js",
      "Selectors": [],
      "ResponseHeaders": [
        {
          "Name": "Accept-Ranges",
          "Value": "bytes"
        },
        {
          "Name": "Cache-Control",
          "Value": "no-cache"
        },
        {
          "Name": "Content-Length",
          "Value": "19798"
        },
        {
          "Name": "Content-Type",
          "Value": "text/javascript"
        },
        {
          "Name": "ETag",
          "Value": "\"qbS02vMHZxdLNYKUtLPSYaSHXj1/ZwH1fv9f3XAY0LU=\""
        },
        {
          "Name": "Last-Modified",
          "Value": "Fri, 06 Nov 2020 10:39:26 GMT"
        }
      ],
      "EndpointProperties": [
        {
          "Name": "integrity",
          "Value": "sha256-qbS02vMHZxdLNYKUtLPSYaSHXj1/ZwH1fv9f3XAY0LU="
        }
      ]
    },
    {
      "Route": "lib/jquery-validation-unobtrusive/jquery.validate.unobtrusive.min.gb7ocvbhts.js",
      "AssetFile": "lib/jquery-validation-unobtrusive/jquery.validate.unobtrusive.min.js",
      "Selectors": [],
      "ResponseHeaders": [
        {
          "Name": "Accept-Ranges",
          "Value": "bytes"
        },
        {
          "Name": "Cache-Control",
          "Value": "max-age=31536000, immutable"
        },
        {
          "Name": "Content-Length",
          "Value": "5871"
        },
        {
          "Name": "Content-Type",
          "Value": "text/javascript"
        },
        {
          "Name": "ETag",
          "Value": "\"9GycpJnliUjJDVDqP0UEu/bsm9U+3dnQUH8+3W10vkY=\""
        },
        {
          "Name": "Last-Modified",
          "Value": "Fri, 06 Nov 2020 10:39:26 GMT"
        }
      ],
      "EndpointProperties": [
        {
          "Name": "fingerprint",
          "Value": "gb7ocvbhts"
        },
        {
          "Name": "integrity",
          "Value": "sha256-9GycpJnliUjJDVDqP0UEu/bsm9U+3dnQUH8+3W10vkY="
        },
        {
          "Name": "label",
          "Value": "lib/jquery-validation-unobtrusive/jquery.validate.unobtrusive.min.js"
        }
      ]
    },
    {
      "Route": "lib/jquery-validation-unobtrusive/jquery.validate.unobtrusive.min.js",
      "AssetFile": "lib/jquery-validation-unobtrusive/jquery.validate.unobtrusive.min.js",
      "Selectors": [],
      "ResponseHeaders": [
        {
          "Name": "Accept-Ranges",
          "Value": "bytes"
        },
        {
          "Name": "Cache-Control",
          "Value": "no-cache"
        },
        {
          "Name": "Content-Length",
          "Value": "5871"
        },
        {
          "Name": "Content-Type",
          "Value": "text/javascript"
        },
        {
          "Name": "ETag",
          "Value": "\"9GycpJnliUjJDVDqP0UEu/bsm9U+3dnQUH8+3W10vkY=\""
        },
        {
          "Name": "Last-Modified",
          "Value": "Fri, 06 Nov 2020 10:39:26 GMT"
        }
      ],
      "EndpointProperties": [
        {
          "Name": "integrity",
          "Value": "sha256-9GycpJnliUjJDVDqP0UEu/bsm9U+3dnQUH8+3W10vkY="
        }
      ]
    },
    {
      "Route": "lib/jquery-validation/LICENSE.md",
      "AssetFile": "lib/jquery-validation/LICENSE.md",
      "Selectors": [],
      "ResponseHeaders": [
        {
          "Name": "Accept-Ranges",
          "Value": "bytes"
        },
        {
          "Name": "Cache-Control",
          "Value": "no-cache"
        },
        {
          "Name": "Content-Length",
          "Value": "1117"
        },
        {
          "Name": "Content-Type",
          "Value": "text/markdown"
        },
        {
          "Name": "ETag",
          "Value": "\"geHEkw/WGPdaHQMRq5HuNY9snliNzU/y2OW8ycnhGXw=\""
        },
        {
          "Name": "Last-Modified",
          "Value": "Fri, 06 Nov 2020 10:39:26 GMT"
        }
      ],
      "EndpointProperties": [
        {
          "Name": "integrity",
          "Value": "sha256-geHEkw/WGPdaHQMRq5HuNY9snliNzU/y2OW8ycnhGXw="
        }
      ]
    },
    {
      "Route": "lib/jquery-validation/LICENSE.x0q3zqp4vz.md",
      "AssetFile": "lib/jquery-validation/LICENSE.md",
      "Selectors": [],
      "ResponseHeaders": [
        {
          "Name": "Accept-Ranges",
          "Value": "bytes"
        },
        {
          "Name": "Cache-Control",
          "Value": "max-age=31536000, immutable"
        },
        {
          "Name": "Content-Length",
          "Value": "1117"
        },
        {
          "Name": "Content-Type",
          "Value": "text/markdown"
        },
        {
          "Name": "ETag",
          "Value": "\"geHEkw/WGPdaHQMRq5HuNY9snliNzU/y2OW8ycnhGXw=\""
        },
        {
          "Name": "Last-Modified",
          "Value": "Fri, 06 Nov 2020 10:39:26 GMT"
        }
      ],
      "EndpointProperties": [
        {
          "Name": "fingerprint",
          "Value": "x0q3zqp4vz"
        },
        {
          "Name": "integrity",
          "Value": "sha256-geHEkw/WGPdaHQMRq5HuNY9snliNzU/y2OW8ycnhGXw="
        },
        {
          "Name": "label",
          "Value": "lib/jquery-validation/LICENSE.md"
        }
      ]
    },
    {
      "Route": "lib/jquery-validation/dist/additional-methods.js",
      "AssetFile": "lib/jquery-validation/dist/additional-methods.js",
      "Selectors": [],
      "ResponseHeaders": [
        {
          "Name": "Accept-Ranges",
          "Value": "bytes"
        },
        {
          "Name": "Cache-Control",
          "Value": "no-cache"
        },
        {
          "Name": "Content-Length",
          "Value": "43184"
        },
        {
          "Name": "Content-Type",
          "Value": "text/javascript"
        },
        {
          "Name": "ETag",
          "Value": "\"qLDpf9Urms7R6rnASrjHz38WdQfOvSOmTgLDfzQSzIQ=\""
        },
        {
          "Name": "Last-Modified",
          "Value": "Fri, 06 Nov 2020 10:39:26 GMT"
        }
      ],
      "EndpointProperties": [
        {
          "Name": "integrity",
          "Value": "sha256-qLDpf9Urms7R6rnASrjHz38WdQfOvSOmTgLDfzQSzIQ="
        }
      ]
    },
    {
      "Route": "lib/jquery-validation/dist/additional-methods.min.js",
      "AssetFile": "lib/jquery-validation/dist/additional-methods.min.js",
      "Selectors": [],
      "ResponseHeaders": [
        {
          "Name": "Accept-Ranges",
          "Value": "bytes"
        },
        {
          "Name": "Cache-Control",
          "Value": "no-cache"
        },
        {
          "Name": "Content-Length",
          "Value": "18467"
        },
        {
          "Name": "Content-Type",
          "Value": "text/javascript"
        },
        {
          "Name": "ETag",
          "Value": "\"2F/T6dcoSumcuA/fcU4W36VpSKPtq4nQf/0/vNFsC+w=\""
        },
        {
          "Name": "Last-Modified",
          "Value": "Fri, 06 Nov 2020 10:39:26 GMT"
        }
      ],
      "EndpointProperties": [
        {
          "Name": "integrity",
          "Value": "sha256-2F/T6dcoSumcuA/fcU4W36VpSKPtq4nQf/0/vNFsC+w="
        }
      ]
    },
    {
      "Route": "lib/jquery-validation/dist/additional-methods.min.sjab29p8z5.js",
      "AssetFile": "lib/jquery-validation/dist/additional-methods.min.js",
      "Selectors": [],
      "ResponseHeaders": [
        {
          "Name": "Accept-Ranges",
          "Value": "bytes"
        },
        {
          "Name": "Cache-Control",
          "Value": "max-age=31536000, immutable"
        },
        {
          "Name": "Content-Length",
          "Value": "18467"
        },
        {
          "Name": "Content-Type",
          "Value": "text/javascript"
        },
        {
          "Name": "ETag",
          "Value": "\"2F/T6dcoSumcuA/fcU4W36VpSKPtq4nQf/0/vNFsC+w=\""
        },
        {
          "Name": "Last-Modified",
          "Value": "Fri, 06 Nov 2020 10:39:26 GMT"
        }
      ],
      "EndpointProperties": [
        {
          "Name": "fingerprint",
          "Value": "sjab29p8z5"
        },
        {
          "Name": "integrity",
          "Value": "sha256-2F/T6dcoSumcuA/fcU4W36VpSKPtq4nQf/0/vNFsC+w="
        },
        {
          "Name": "label",
          "Value": "lib/jquery-validation/dist/additional-methods.min.js"
        }
      ]
    },
    {
      "Route": "lib/jquery-validation/dist/additional-methods.wus95c49fh.js",
      "AssetFile": "lib/jquery-validation/dist/additional-methods.js",
      "Selectors": [],
      "ResponseHeaders": [
        {
          "Name": "Accept-Ranges",
          "Value": "bytes"
        },
        {
          "Name": "Cache-Control",
          "Value": "max-age=31536000, immutable"
        },
        {
          "Name": "Content-Length",
          "Value": "43184"
        },
        {
          "Name": "Content-Type",
          "Value": "text/javascript"
        },
        {
          "Name": "ETag",
          "Value": "\"qLDpf9Urms7R6rnASrjHz38WdQfOvSOmTgLDfzQSzIQ=\""
        },
        {
          "Name": "Last-Modified",
          "Value": "Fri, 06 Nov 2020 10:39:26 GMT"
        }
      ],
      "EndpointProperties": [
        {
          "Name": "fingerprint",
          "Value": "wus95c49fh"
        },
        {
          "Name": "integrity",
          "Value": "sha256-qLDpf9Urms7R6rnASrjHz38WdQfOvSOmTgLDfzQSzIQ="
        },
        {
          "Name": "label",
          "Value": "lib/jquery-validation/dist/additional-methods.js"
        }
      ]
    },
    {
      "Route": "lib/jquery-validation/dist/jquery.validate.d2pxujwhw3.js",
      "AssetFile": "lib/jquery-validation/dist/jquery.validate.js",
      "Selectors": [],
      "ResponseHeaders": [
        {
          "Name": "Accept-Ranges",
          "Value": "bytes"
        },
        {
          "Name": "Cache-Control",
          "Value": "max-age=31536000, immutable"
        },
        {
          "Name": "Content-Length",
          "Value": "50276"
        },
        {
          "Name": "Content-Type",
          "Value": "text/javascript"
        },
        {
          "Name": "ETag",
          "Value": "\"27gs04nyeNuL9zc/GLQLjdbZqhNGvH+xIYgnYVPIawE=\""
        },
        {
          "Name": "Last-Modified",
          "Value": "Fri, 06 Nov 2020 10:39:26 GMT"
        }
      ],
      "EndpointProperties": [
        {
          "Name": "fingerprint",
          "Value": "d2pxujwhw3"
        },
        {
          "Name": "integrity",
          "Value": "sha256-27gs04nyeNuL9zc/GLQLjdbZqhNGvH+xIYgnYVPIawE="
        },
        {
          "Name": "label",
          "Value": "lib/jquery-validation/dist/jquery.validate.js"
        }
      ]
    },
    {
      "Route": "lib/jquery-validation/dist/jquery.validate.js",
      "AssetFile": "lib/jquery-validation/dist/jquery.validate.js",
      "Selectors": [],
      "ResponseHeaders": [
        {
          "Name": "Accept-Ranges",
          "Value": "bytes"
        },
        {
          "Name": "Cache-Control",
          "Value": "no-cache"
        },
        {
          "Name": "Content-Length",
          "Value": "50276"
        },
        {
          "Name": "Content-Type",
          "Value": "text/javascript"
        },
        {
          "Name": "ETag",
          "Value": "\"27gs04nyeNuL9zc/GLQLjdbZqhNGvH+xIYgnYVPIawE=\""
        },
        {
          "Name": "Last-Modified",
          "Value": "Fri, 06 Nov 2020 10:39:26 GMT"
        }
      ],
      "EndpointProperties": [
        {
          "Name": "integrity",
          "Value": "sha256-27gs04nyeNuL9zc/GLQLjdbZqhNGvH+xIYgnYVPIawE="
        }
      ]
    },
    {
      "Route": "lib/jquery-validation/dist/jquery.validate.min.4dm14o4hmc.js",
      "AssetFile": "lib/jquery-validation/dist/jquery.validate.min.js",
      "Selectors": [],
      "ResponseHeaders": [
        {
          "Name": "Accept-Ranges",
          "Value": "bytes"
        },
        {
          "Name": "Cache-Control",
          "Value": "max-age=31536000, immutable"
        },
        {
          "Name": "Content-Length",
          "Value": "23264"
        },
        {
          "Name": "Content-Type",
          "Value": "text/javascript"
        },
        {
          "Name": "ETag",
          "Value": "\"eItLFOyfQ4d/OGzEnGchi2ZMVF8EhGgzS0k7fSOPifQ=\""
        },
        {
          "Name": "Last-Modified",
          "Value": "Fri, 06 Nov 2020 10:39:26 GMT"
        }
      ],
      "EndpointProperties": [
        {
          "Name": "fingerprint",
          "Value": "4dm14o4hmc"
        },
        {
          "Name": "integrity",
          "Value": "sha256-eItLFOyfQ4d/OGzEnGchi2ZMVF8EhGgzS0k7fSOPifQ="
        },
        {
          "Name": "label",
          "Value": "lib/jquery-validation/dist/jquery.validate.min.js"
        }
      ]
    },
    {
      "Route": "lib/jquery-validation/dist/jquery.validate.min.js",
      "AssetFile": "lib/jquery-validation/dist/jquery.validate.min.js",
      "Selectors": [],
      "ResponseHeaders": [
        {
          "Name": "Accept-Ranges",
          "Value": "bytes"
        },
        {
          "Name": "Cache-Control",
          "Value": "no-cache"
        },
        {
          "Name": "Content-Length",
          "Value": "23264"
        },
        {
          "Name": "Content-Type",
          "Value": "text/javascript"
        },
        {
          "Name": "ETag",
          "Value": "\"eItLFOyfQ4d/OGzEnGchi2ZMVF8EhGgzS0k7fSOPifQ=\""
        },
        {
          "Name": "Last-Modified",
          "Value": "Fri, 06 Nov 2020 10:39:26 GMT"
        }
      ],
      "EndpointProperties": [
        {
          "Name": "integrity",
          "Value": "sha256-eItLFOyfQ4d/OGzEnGchi2ZMVF8EhGgzS0k7fSOPifQ="
        }
      ]
    },
    {
      "Route": "lib/jquery.unobtrusive-ajax/jquery.unobtrusive-ajax.js",
      "AssetFile": "lib/jquery.unobtrusive-ajax/jquery.unobtrusive-ajax.js",
      "Selectors": [],
      "ResponseHeaders": [
        {
          "Name": "Accept-Ranges",
          "Value": "bytes"
        },
        {
          "Name": "Cache-Control",
          "Value": "no-cache"
        },
        {
          "Name": "Content-Length",
          "Value": "8078"
        },
        {
          "Name": "Content-Type",
          "Value": "text/javascript"
        },
        {
          "Name": "ETag",
          "Value": "\"ZNivHvVgjFNKWE0Ffm0BVvWf8YPrytHaTmMIgWqJLt8=\""
        },
        {
          "Name": "Last-Modified",
          "Value": "Fri, 06 Nov 2020 10:39:26 GMT"
        }
      ],
      "EndpointProperties": [
        {
          "Name": "integrity",
          "Value": "sha256-ZNivHvVgjFNKWE0Ffm0BVvWf8YPrytHaTmMIgWqJLt8="
        }
      ]
    },
    {
      "Route": "lib/jquery.unobtrusive-ajax/jquery.unobtrusive-ajax.min.5px22elhs9.js",
      "AssetFile": "lib/jquery.unobtrusive-ajax/jquery.unobtrusive-ajax.min.js",
      "Selectors": [],
      "ResponseHeaders": [
        {
          "Name": "Accept-Ranges",
          "Value": "bytes"
        },
        {
          "Name": "Cache-Control",
          "Value": "max-age=31536000, immutable"
        },
        {
          "Name": "Content-Length",
          "Value": "4475"
        },
        {
          "Name": "Content-Type",
          "Value": "text/javascript"
        },
        {
          "Name": "ETag",
          "Value": "\"5x4XQXr9Nw3sMsehs1IM0uVuUz1CTw/tJV8G9+d1/tM=\""
        },
        {
          "Name": "Last-Modified",
          "Value": "Fri, 06 Nov 2020 10:39:26 GMT"
        }
      ],
      "EndpointProperties": [
        {
          "Name": "fingerprint",
          "Value": "5px22elhs9"
        },
        {
          "Name": "integrity",
          "Value": "sha256-5x4XQXr9Nw3sMsehs1IM0uVuUz1CTw/tJV8G9+d1/tM="
        },
        {
          "Name": "label",
          "Value": "lib/jquery.unobtrusive-ajax/jquery.unobtrusive-ajax.min.js"
        }
      ]
    },
    {
      "Route": "lib/jquery.unobtrusive-ajax/jquery.unobtrusive-ajax.min.js",
      "AssetFile": "lib/jquery.unobtrusive-ajax/jquery.unobtrusive-ajax.min.js",
      "Selectors": [],
      "ResponseHeaders": [
        {
          "Name": "Accept-Ranges",
          "Value": "bytes"
        },
        {
          "Name": "Cache-Control",
          "Value": "no-cache"
        },
        {
          "Name": "Content-Length",
          "Value": "4475"
        },
        {
          "Name": "Content-Type",
          "Value": "text/javascript"
        },
        {
          "Name": "ETag",
          "Value": "\"5x4XQXr9Nw3sMsehs1IM0uVuUz1CTw/tJV8G9+d1/tM=\""
        },
        {
          "Name": "Last-Modified",
          "Value": "Fri, 06 Nov 2020 10:39:26 GMT"
        }
      ],
      "EndpointProperties": [
        {
          "Name": "integrity",
          "Value": "sha256-5x4XQXr9Nw3sMsehs1IM0uVuUz1CTw/tJV8G9+d1/tM="
        }
      ]
    },
    {
      "Route": "lib/jquery.unobtrusive-ajax/jquery.unobtrusive-ajax.sickgfz2cg.js",
      "AssetFile": "lib/jquery.unobtrusive-ajax/jquery.unobtrusive-ajax.js",
      "Selectors": [],
      "ResponseHeaders": [
        {
          "Name": "Accept-Ranges",
          "Value": "bytes"
        },
        {
          "Name": "Cache-Control",
          "Value": "max-age=31536000, immutable"
        },
        {
          "Name": "Content-Length",
          "Value": "8078"
        },
        {
          "Name": "Content-Type",
          "Value": "text/javascript"
        },
        {
          "Name": "ETag",
          "Value": "\"ZNivHvVgjFNKWE0Ffm0BVvWf8YPrytHaTmMIgWqJLt8=\""
        },
        {
          "Name": "Last-Modified",
          "Value": "Fri, 06 Nov 2020 10:39:26 GMT"
        }
      ],
      "EndpointProperties": [
        {
          "Name": "fingerprint",
          "Value": "sickgfz2cg"
        },
        {
          "Name": "integrity",
          "Value": "sha256-ZNivHvVgjFNKWE0Ffm0BVvWf8YPrytHaTmMIgWqJLt8="
        },
        {
          "Name": "label",
          "Value": "lib/jquery.unobtrusive-ajax/jquery.unobtrusive-ajax.js"
        }
      ]
    },
    {
      "Route": "lib/jquery/LICENSE.afgyafcsqt.txt",
      "AssetFile": "lib/jquery/LICENSE.txt",
      "Selectors": [],
      "ResponseHeaders": [
        {
          "Name": "Accept-Ranges",
          "Value": "bytes"
        },
        {
          "Name": "Cache-Control",
          "Value": "max-age=31536000, immutable"
        },
        {
          "Name": "Content-Length",
          "Value": "1641"
        },
        {
          "Name": "Content-Type",
          "Value": "text/plain"
        },
        {
          "Name": "ETag",
          "Value": "\"WtKlDye/qV68IA2W1tHFTyXyc/HjQvQKBpIK1CEulFM=\""
        },
        {
          "Name": "Last-Modified",
          "Value": "Fri, 06 Nov 2020 10:39:26 GMT"
        }
      ],
      "EndpointProperties": [
        {
          "Name": "fingerprint",
          "Value": "afgyafcsqt"
        },
        {
          "Name": "integrity",
          "Value": "sha256-WtKlDye/qV68IA2W1tHFTyXyc/HjQvQKBpIK1CEulFM="
        },
        {
          "Name": "label",
          "Value": "lib/jquery/LICENSE.txt"
        }
      ]
    },
    {
      "Route": "lib/jquery/LICENSE.txt",
      "AssetFile": "lib/jquery/LICENSE.txt",
      "Selectors": [],
      "ResponseHeaders": [
        {
          "Name": "Accept-Ranges",
          "Value": "bytes"
        },
        {
          "Name": "Cache-Control",
          "Value": "no-cache"
        },
        {
          "Name": "Content-Length",
          "Value": "1641"
        },
        {
          "Name": "Content-Type",
          "Value": "text/plain"
        },
        {
          "Name": "ETag",
          "Value": "\"WtKlDye/qV68IA2W1tHFTyXyc/HjQvQKBpIK1CEulFM=\""
        },
        {
          "Name": "Last-Modified",
          "Value": "Fri, 06 Nov 2020 10:39:26 GMT"
        }
      ],
      "EndpointProperties": [
        {
          "Name": "integrity",
          "Value": "sha256-WtKlDye/qV68IA2W1tHFTyXyc/HjQvQKBpIK1CEulFM="
        }
      ]
    },
    {
      "Route": "lib/jquery/dist/jquery.a8eee2794i.js",
      "AssetFile": "lib/jquery/dist/jquery.js",
      "Selectors": [],
      "ResponseHeaders": [
        {
          "Name": "Accept-Ranges",
          "Value": "bytes"
        },
        {
          "Name": "Cache-Control",
          "Value": "max-age=31536000, immutable"
        },
        {
          "Name": "Content-Length",
          "Value": "282115"
        },
        {
          "Name": "Content-Type",
          "Value": "text/javascript"
        },
        {
          "Name": "ETag",
          "Value": "\"igUc00PXGT1YBL1/Kf7QYy9fPlLqZKcEGrCqDz3EFDI=\""
        },
        {
          "Name": "Last-Modified",
          "Value": "Fri, 06 Nov 2020 10:39:26 GMT"
        }
      ],
      "EndpointProperties": [
        {
          "Name": "fingerprint",
          "Value": "a8eee2794i"
        },
        {
          "Name": "integrity",
          "Value": "sha256-igUc00PXGT1YBL1/Kf7QYy9fPlLqZKcEGrCqDz3EFDI="
        },
        {
          "Name": "label",
          "Value": "lib/jquery/dist/jquery.js"
        }
      ]
    },
    {
      "Route": "lib/jquery/dist/jquery.js",
      "AssetFile": "lib/jquery/dist/jquery.js",
      "Selectors": [],
      "ResponseHeaders": [
        {
          "Name": "Accept-Ranges",
          "Value": "bytes"
        },
        {
          "Name": "Cache-Control",
          "Value": "no-cache"
        },
        {
          "Name": "Content-Length",
          "Value": "282115"
        },
        {
          "Name": "Content-Type",
          "Value": "text/javascript"
        },
        {
          "Name": "ETag",
          "Value": "\"igUc00PXGT1YBL1/Kf7QYy9fPlLqZKcEGrCqDz3EFDI=\""
        },
        {
          "Name": "Last-Modified",
          "Value": "Fri, 06 Nov 2020 10:39:26 GMT"
        }
      ],
      "EndpointProperties": [
        {
          "Name": "integrity",
          "Value": "sha256-igUc00PXGT1YBL1/Kf7QYy9fPlLqZKcEGrCqDz3EFDI="
        }
      ]
    },
    {
      "Route": "lib/jquery/dist/jquery.min.b804xvqo1w.map",
      "AssetFile": "lib/jquery/dist/jquery.min.map",
      "Selectors": [],
      "ResponseHeaders": [
        {
          "Name": "Accept-Ranges",
          "Value": "bytes"
        },
        {
          "Name": "Cache-Control",
          "Value": "max-age=31536000, immutable"
        },
        {
          "Name": "Content-Length",
          "Value": "132370"
        },
        {
          "Name": "Content-Type",
          "Value": "text/plain"
        },
        {
          "Name": "ETag",
          "Value": "\"1eiGMA0y1kD5P/bXnTaiTKk8vtvQ8IC2nXAoI1HJXyE=\""
        },
        {
          "Name": "Last-Modified",
          "Value": "Fri, 06 Nov 2020 10:39:26 GMT"
        }
      ],
      "EndpointProperties": [
        {
          "Name": "fingerprint",
          "Value": "b804xvqo1w"
        },
        {
          "Name": "integrity",
          "Value": "sha256-1eiGMA0y1kD5P/bXnTaiTKk8vtvQ8IC2nXAoI1HJXyE="
        },
        {
          "Name": "label",
          "Value": "lib/jquery/dist/jquery.min.map"
        }
      ]
    },
    {
      "Route": "lib/jquery/dist/jquery.min.fc9074g7ds.js",
      "AssetFile": "lib/jquery/dist/jquery.min.js",
      "Selectors": [],
      "ResponseHeaders": [
        {
          "Name": "Accept-Ranges",
          "Value": "bytes"
        },
        {
          "Name": "Cache-Control",
          "Value": "max-age=31536000, immutable"
        },
        {
          "Name": "Content-Length",
          "Value": "86929"
        },
        {
          "Name": "Content-Type",
          "Value": "text/javascript"
        },
        {
          "Name": "ETag",
          "Value": "\"T+aPohYXbm0fRYDpJLr+zJ9RmYTswGsahAoIsNiMld4=\""
        },
        {
          "Name": "Last-Modified",
          "Value": "Fri, 06 Nov 2020 10:39:26 GMT"
        }
      ],
      "EndpointProperties": [
        {
          "Name": "fingerprint",
          "Value": "fc9074g7ds"
        },
        {
          "Name": "integrity",
          "Value": "sha256-T+aPohYXbm0fRYDpJLr+zJ9RmYTswGsahAoIsNiMld4="
        },
        {
          "Name": "label",
          "Value": "lib/jquery/dist/jquery.min.js"
        }
      ]
    },
    {
      "Route": "lib/jquery/dist/jquery.min.js",
      "AssetFile": "lib/jquery/dist/jquery.min.js",
      "Selectors": [],
      "ResponseHeaders": [
        {
          "Name": "Accept-Ranges",
          "Value": "bytes"
        },
        {
          "Name": "Cache-Control",
          "Value": "no-cache"
        },
        {
          "Name": "Content-Length",
          "Value": "86929"
        },
        {
          "Name": "Content-Type",
          "Value": "text/javascript"
        },
        {
          "Name": "ETag",
          "Value": "\"T+aPohYXbm0fRYDpJLr+zJ9RmYTswGsahAoIsNiMld4=\""
        },
        {
          "Name": "Last-Modified",
          "Value": "Fri, 06 Nov 2020 10:39:26 GMT"
        }
      ],
      "EndpointProperties": [
        {
          "Name": "integrity",
          "Value": "sha256-T+aPohYXbm0fRYDpJLr+zJ9RmYTswGsahAoIsNiMld4="
        }
      ]
    },
    {
      "Route": "lib/jquery/dist/jquery.min.map",
      "AssetFile": "lib/jquery/dist/jquery.min.map",
      "Selectors": [],
      "ResponseHeaders": [
        {
          "Name": "Accept-Ranges",
          "Value": "bytes"
        },
        {
          "Name": "Cache-Control",
          "Value": "no-cache"
        },
        {
          "Name": "Content-Length",
          "Value": "132370"
        },
        {
          "Name": "Content-Type",
          "Value": "text/plain"
        },
        {
          "Name": "ETag",
          "Value": "\"1eiGMA0y1kD5P/bXnTaiTKk8vtvQ8IC2nXAoI1HJXyE=\""
        },
        {
          "Name": "Last-Modified",
          "Value": "Fri, 06 Nov 2020 10:39:26 GMT"
        }
      ],
      "EndpointProperties": [
        {
          "Name": "integrity",
          "Value": "sha256-1eiGMA0y1kD5P/bXnTaiTKk8vtvQ8IC2nXAoI1HJXyE="
        }
      ]
    }
  ]
}